otonomi	Güncelleme Tarihi: Özerklik olarak kullanılan	otonomi	bir bireyin veya bir ülkenin bağımsız karar verme bilinçli ve zorlanmadan karar verme yetisi olarak kullanılmaktadır. Otonomi Nedir? Otonomi kelime
otonomi	Özerklik olarak kullanılan otonomi bir bireyin veya bir ülkenin bağımsız karar verme bilinçli ve zorlanmadan karar verme yetisi olarak kullanılmaktadır.	Otonomi	Nedir? Otonomi kelime manası özerklik olarak kullanılmaktadır. Politika, gelişim psikolojisi, felsefe ve ahlaki bir terim olarak yaygın şekilde kullanılmaktadır. Otonomi
otonomi	kullanılan otonomi bir bireyin veya bir ülkenin bağımsız karar verme bilinçli ve zorlanmadan karar verme yetisi olarak kullanılmaktadır. Otonomi Nedir?	Otonomi	kelime manası özerklik olarak kullanılmaktadır. Politika, gelişim psikolojisi, felsefe ve ahlaki bir terim olarak yaygın şekilde kullanılmaktadır. Otonomi ülkeler bazında
otonomi	Otonomi Nedir? Otonomi kelime manası özerklik olarak kullanılmaktadır. Politika, gelişim psikolojisi, felsefe ve ahlaki bir terim olarak yaygın şekilde kullanılmaktadır.	Otonomi	ülkeler bazında ülkenin kendi iç ve dış politikasında bağımsız karar vermesi olarak da kullanılan bir kelimedir. Otonomi Anlamı Nedir? Otonomi
otonomi	yaygın şekilde kullanılmaktadır. Otonomi ülkeler bazında ülkenin kendi iç ve dış politikasında bağımsız karar vermesi olarak da kullanılan bir kelimedir.	Otonomi	Anlamı Nedir? Otonomi kelime manası olarak auto ve nomos kelimelerinin birleşmesinden oluşmaktadır. Otonomi kelimesi birçok alanda kendi kendine kara verebilme
otonomi	Otonomi ülkeler bazında ülkenin kendi iç ve dış politikasında bağımsız karar vermesi olarak da kullanılan bir kelimedir. Otonomi Anlamı Nedir?	Otonomi	kelime manası olarak auto ve nomos kelimelerinin birleşmesinden oluşmaktadır. Otonomi kelimesi birçok alanda kendi kendine kara verebilme yetisi olarak belirlenen
otonomi	karar vermesi olarak da kullanılan bir kelimedir. Otonomi Anlamı Nedir? Otonomi kelime manası olarak auto ve nomos kelimelerinin birleşmesinden oluşmaktadır.	Otonomi	kelimesi birçok alanda kendi kendine kara verebilme yetisi olarak belirlenen bir ölçüt olarak da kullanılmaktadır. Örneğin bir meslek dalında uzmanlık
otonomi	meslek dalında uzmanlık gerektiren bilgiye sahip olduktan sonra o konu ile ilgili karar verebilme yetisine sahip olmak olarak da bilinmektedir.	Otonomi	kavramında bağımsız karar verme mekanizmasına sahip olmak gerekmektedir. Bilinçli şekilde bireyin kendine özgü karar verebilmesi de otonomi konusunu kapsamaktadır. Otonomi
otonomi	olarak da bilinmektedir. Otonomi kavramında bağımsız karar verme mekanizmasına sahip olmak gerekmektedir. Bilinçli şekilde bireyin kendine özgü karar verebilmesi de	otonomi	konusunu kapsamaktadır. Otonomi kullanılan alanlar özellikle politika ve gelişim psikolojisi, biyoetik felsefe konularında geniş yer almaktadır. Otonomi bir karar konusunda
otonomi	Otonomi kavramında bağımsız karar verme mekanizmasına sahip olmak gerekmektedir. Bilinçli şekilde bireyin kendine özgü karar verebilmesi de otonomi konusunu kapsamaktadır.	Otonomi	kullanılan alanlar özellikle politika ve gelişim psikolojisi, biyoetik felsefe konularında geniş yer almaktadır. Otonomi bir karar konusunda kişinin zorlanmadan özgürce
otonomi	karar verebilmesi de otonomi konusunu kapsamaktadır. Otonomi kullanılan alanlar özellikle politika ve gelişim psikolojisi, biyoetik felsefe konularında geniş yer almaktadır.	Otonomi	bir karar konusunda kişinin zorlanmadan özgürce karar vermesini ve karar neticesinde sorumluluğu kendi üzerine almasını gelişim psikolojisinde ortaya koymaktadır. Felsefi
otonomi	mümkündür. Politika da ise kişinin herhangi bir yönetimi kendi iradesiyle seçerek karar verebilmesi ve zorlanmadan ortaya koyması olarak örnek verilebilmektedir.	Otonomi	kavramı tam olarak özerklik kavramı ile birebir örtüşen bir kelimedir. Günlük hayatta özerklik olarak kullanılması daha yaygın olmaktadır. İnceleme ve
otonomi	olarak özerklik kavramı ile birebir örtüşen bir kelimedir. Günlük hayatta özerklik olarak kullanılması daha yaygın olmaktadır. İnceleme ve araştırma konularında	otonomi	olarak yer almaktadır.
